{
  "additionalFiles": "",
  "builtInLibrariesFolders": "C:\\Program Files (x86)\\Arduino\\libraries",
  "builtInToolsFolders": "C:\\Program Files (x86)\\Arduino\\tools-builder,C:\\Program Files (x86)\\Arduino\\hardware\\tools\\avr,C:\\Users\\kevin\\AppData\\Local\\Arduino15\\packages",
  "compiler.optimization_flags": "",
  "customBuildProperties": "build.warn_data_percentage=75,runtime.tools.arduinoOTA.path=C:\\Users\\kevin\\AppData\\Local\\Arduino15\\packages\\arduino\\tools\\arduinoOTA\\1.3.0,runtime.tools.arduinoOTA-1.3.0.path=C:\\Users\\kevin\\AppData\\Local\\Arduino15\\packages\\arduino\\tools\\arduinoOTA\\1.3.0,runtime.tools.avr-gcc.path=C:\\Users\\kevin\\AppData\\Local\\Arduino15\\packages\\arduino\\tools\\avr-gcc\\7.3.0-atmel3.6.1-arduino7,runtime.tools.avr-gcc-7.3.0-atmel3.6.1-arduino7.path=C:\\Users\\kevin\\AppData\\Local\\Arduino15\\packages\\arduino\\tools\\avr-gcc\\7.3.0-atmel3.6.1-arduino7,runtime.tools.avrdude.path=C:\\Users\\kevin\\AppData\\Local\\Arduino15\\packages\\arduino\\tools\\avrdude\\6.3.0-arduino17,runtime.tools.avrdude-6.3.0-arduino17.path=C:\\Users\\kevin\\AppData\\Local\\Arduino15\\packages\\arduino\\tools\\avrdude\\6.3.0-arduino17",
  "fqbn": "megaTinyCore:megaavr:atxy4o:chip=1614,clock=20internal,millis=enabled,bodvoltage=1v8,bodmode=disabled,uartvoltage=3v,serialevent=yes,bootloaderuart=default,resetpinopti=UPDI,startuptime=8",
  "hardwareFolders": "C:\\Program Files (x86)\\Arduino\\hardware,C:\\Users\\kevin\\AppData\\Local\\Arduino15\\packages",
  "otherLibrariesFolders": "C:\\Users\\kevin\\Documents\\Arduino\\libraries",
  "runtime.ide.version": "10813",
  "sketchLocation": "C:\\Dropbox\\Crashspace\\Mycroft\\programming\\mark2_attiny1614.ino\\mark2_attiny1614.ino.ino"
}